Abilene Christian University ,admissions@acu.edu
Adelphi University ,admissions@adelphi.edu
Agnes Scott College ,admissions@scottlan.edu
Air Force Institute of Technology ,admissions@afit.af.mil
Alabama A&M University ,admissions@aamu.edu
Alabama State University ,admissions@alasu.edu
Albertson College of Idaho ,admissions@acofi.edu
Albion College ,admissions@albion.edu
Alfred University ,admissions@alfred.edu
Allegheny College ,admissions@alleg.edu
Allentown College of Saint Francis de Sales ,admissions@allencol.edu
Alma College ,admissions@alma.edu
Alverno College ,admissions@alverno.edu
Ambassador University ,admissions@ambassador.edu
American Coastline University ,admissions@amercoastuniv.edu
American Graduate School of International Management ,admissions@t-bird.edu
American International College ,admissions@aic.edu
American University ,admissions@american.edu
Amherst College ,admissions@amherst.edu
Andrews University ,admissions@andrews.edu
Angelo State University ,admissions@angelo.edu
Antioch College ,admissions@college.antioch.edu
Antioch New England ,admissions@antiochne.edu
Antioch University-Los Angeles ,admissions@antiochla.edu
Antioch University-Seattle ,admissions@seattleantioch.edu
Appalachian State University ,admissions@appstate.edu
Aquinas College ,admissions@aquinas.edu
Arizona State University ,admissions@asu.edu
Arizona State University West ,admissions@west.asu.edu
Arizona Western College ,admissions@awc.cc.az.us
Arkansas State University Jonesboro ,admissions@astate.edu
Arkansas Tech University ,admissions@atu.edu
Armstrong State College ,admissions@armstrong.edu
Ashland University ,admissions@ashland.edu
Assumption College ,admissions@assumption.edu
Auburn University ,admissions@auburn.edu
Auburn University - Montgomery ,admissions@aum.edu
Augsburg College ,admissions@augsburg.edu
Augustana College ,admissions@augustana.edu
Augustana College ,admissions@augie.edu
Aurora University ,admissions@aurora.edu
Austin College ,admissions@austinc.edu
Austin Peay State University ,admissions@apsu.edu
Averett College ,admissions@averett.edu
Avila College ,admissions@avila.edu
Azusa Pacific University ,admissions@apu.edu
Babson College ,admissions@babson.edu
Baldwin-Wallace College ,admissions@baldwinw.edu
Ball State University ,admissions@bsu.edu
Baker University ,admissions@bakeru.edu
Baptist Bible College ,admissions@bbc.edu
Bard College ,admissions@bard.edu
Barry University ,admissions@barry.edu
Bastyr University ,admissions@bastyr.edu
Bates College ,admissions@bates.edu
Baylor College of Medicine ,admissions@bcm.tmc.edu
Baylor University ,admissions@baylor.edu
Beaver College ,admissions@beaver.edu
Belmont University ,admissions@belmont.edu
Beloit College ,admissions@beloit.edu
Bemidji State University ,admissions@bemidji.msus.edu
Benedictine College ,admissions@benedictine.edu
Bennington College ,admissions@bennington.edu
Bentley College ,admissions@bentley.edu
Berea College ,admissions@berea.edu
Berklee College of Music ,admissions@berklee.edu
Bethany College ,admissions@bethany.edu
Bethany College ,admissions@bethany.wvnet.edu
Bethel College ,admissions@bethelks.edu
Bethel College and Seminary ,admissions@bethel.edu
Biola University ,admissions@biola.edu
Birmingham-Southern College ,admissions@bsc.edu
Black Hills State University ,admissions@bhsu.edu
Bloomsburg University of Pennsylvania ,admissions@bloomu.edu
Bluffton College ,admissions@bluffton.edu
Bob Jones University ,admissions@bju.edu
Boise State University ,admissions@idbsu.edu
Boston College ,admissions@bc.edu
Boston Graduate School of Psychoanalysis ,admissions@bgsp.edu
Boston University ,admissions@bu.edu
Bowdoin College ,admissions@bowdoin.edu
Bowie State University ,admissions@bsu.umd.edu
Bowling Green State University ,admissions@bgsu.edu
Bradley University ,admissions@bradley.edu
Brandeis University ,admissions@brandeis.edu
Brenau University ,admissions@brenau.edu
Briar Cliff College ,admissions@briar-cliff.edu
Bridgewater College ,admissions@bridgewater.edu
Brigham Young University ,admissions@byu.edu
Brigham Young University Hawaii ,admissions@byuh.edu
Brown University ,admissions@brown.edu
Bryant College ,admissions@bryant.edu
Bryn Mawr College ,admissions@brynmawr.edu
Bucknell University ,admissions@bucknell.edu
Buena Vista University ,admissions@bvu.edu
Butler University ,admissions@butler.edu
California Coast University ,admissions@calcoastuniv.edu
California Institute of Technology ,admissions@caltech.edu
California Lutheran University ,admissions@callutheran.edu
California Maritime Academy ,admissions@csum.edu
California National University ,admissions@cnuas.edu
California Polytechnic State University San Luis Obispo ,admissions@calpoly.edu
California State Polytechnic University Pomona ,admissions@csupomona.edu
California State University System ,admissions@calstate.edu
California State University Bakersfield ,admissions@csubak.edu
California State University Chico ,admissions@csuchico.edu
California State University Dominguez Hills ,admissions@csudh.edu
California State University Fresno ,admissions@csufresno.edu
California State University Fullerton ,admissions@fullerton.edu
California State University Hayward ,admissions@csuhayward.edu
California State University Long Beach ,admissions@csulb.edu
California State University Los Angeles ,admissions@calstatela.edu
California State University Monterey Bay ,admissions@monterey.edu
California State University Northridge ,admissions@csun.edu
California State University Sacramento ,admissions@csus.edu
California State University San Bernardino ,admissions@csusb.edu
California State University San Jose ,admissions@sjsu.edu
California State University San Marcos ,admissions@csusm.edu
California State University Sacramento ,admissions@csus.edu
California State University Stanislaus ,admissions@csustan.edu
California University of Pennsylvania ,admissions@cup.edu
Calvin College ,admissions@calvin.edu
Campbell University ,admissions@campbell.edu
Campbellsville College ,admissions@campbellsvil.edu
Cameron University ,admissions@cameron.edu
Canisius College ,admissions@canisius.edu
Carleton College ,admissions@carleton.edu
Carlow College ,admissions@carlow.edu
Carnegie Mellon University ,admissions@cmu.edu
Carroll College ,admissions@carroll.edu
Carroll College ,admissions@cc.edu
Carson-Newman College ,admissions@cn.edu
Carthage College ,admissions@carthage.edu
Case Western Reserve University ,admissions@cwru.edu
Castleton State University ,admissions@csc.vsc.edu
The Catholic University of America ,admissions@cua.edu
Cedarville College ,admissions@cedarville.edu
Centenary College of Louisiana ,admissions@centenary.edu
Central College ,admissions@central.edu
Central Connecticut State University ,admissions@ccsu.ctstateu.edu
Central Methodist College ,admissions@cmc.edu
Central Michigan University ,admissions@cmich.edu
Central Missouri State University ,admissions@cmsu.edu
Central Washington University ,admissions@cwu.edu
Centre College ,admissions@centre.edu
Chadron State College ,admissions@csc.edu
Champlain College ,admissions@champlain.edu
Chapman University ,admissions@chapman.edu
Chatham College ,admissions@chatham.edu
Chesapeake College ,admissions@chesapeake.edu
Cheyney University ,admissions@cheyney.edu
The Chicago School of Professional Psychology ,admissions@csopp.edu
Christian Brothers University ,admissions@cbu.edu
Christian Theological Seminary ,admissions@cts.edu
Christopher Newport University ,admissions@cnu.edu
The Citadel ,admissions@citadel.edu
City University ,admissions@cityu.edu
City University of New York ,admissions@cuny.edu
Claremont Graduate School ,admissions@cgs.edu
Claremont McKenna College ,admissions@mckenna.edu
Clarion University of Pennsylvania ,admissions@clarion.edu
Clark University ,admissions@clarku.edu
Clarke College ,admissions@clarke.edu
Clarkson University ,admissions@clarkson.edu
Clayton State College ,admissions@csc.peachnet.edu
Clemson University ,admissions@clemson.edu
Cleveland State University ,admissions@csuohio.edu
Clinch Valley College ,admissions@clinch.edu
Coastal Carolina University ,admissions@coastal.edu
Coe College ,admissions@coe.edu
Coker College ,admissions@coker.edu
Colby College ,admissions@colby.edu
Colgate University ,admissions@colgate.edu
College of the Atlantic ,admissions@coa.edu
College of Charleston ,admissions@cofc.edu
College of Eastern Utah ,admissions@ceu.edu
College of the Holy Cross ,admissions@holycross.edu
College of Saint Benedict ,admissions@csbsju.edu
College of Saint Catherine ,admissions@stkate.edu
College of St. Francis ,admissions@stfrancis.edu
College of Saint Rose ,admissions@strose.edu
College of St. Scholastica ,admissions@css.edu
College of William and Mary ,admissions@wm.edu
The College of Wooster ,admissions@wooster.edu
Colorado Christian University ,admissions@ccu.edu
Colorado College ,admissions@cc.colorado.edu
Colorado School of Mines ,admissions@mines.colorado.edu
Colorado State University ,admissions@colostate.edu
Columbia College Chicago ,admissions@colum.edu
Columbia Southern University ,admissions@colsouth.edu
Columbia Union College ,admissions@cuc.edu
Columbia University ,admissions@columbia.edu
Concordia College-Ann Arbor ,admissions@ccaa.edu
Concordia College-Moorhead ,admissions@cord.edu
Concordia College-St. Paul ,admissions@csp.edu
Concordia College-Seward ,admissions@ccsn.edu
Concordia University River Forest Illinois ,admissions@cuis.edu
Connecticut College ,admissions@conncoll.edu
The Cooper Union for the Advancement of Science and Art ,admissions@cooper.edu
Coppin State College ,admissions@coppin.umd.edu
Cornell College ,admissions@cornell-iowa.edu
Cornell University ,admissions@cornell.edu
Creighton University ,admissions@creighton.edu
Curry College ,admissions@curry.edu
Daemen College ,admissions@daemen.edu
Dakota State University ,admissions@dsu.edu
Dakota Wesleyan University ,admissions@dwu.edu
Dallas Baptist University ,admissions@dbu.edu
Dana College ,admissions@dana.edu
Daniel Webster College ,admissions@dwc.edu
Dartmouth College ,admissions@dartmouth.edu
Davenport College Detroit College of Business ,admissions@davenport.edu
Davidson College ,admissions@davidson.edu
Davis & Elkins College ,admissions@dne.wvnet.edu
Delaware State University ,admissions@dsc.edu
Delta State University ,admissions@deltast.edu
Denison University ,admissions@denison.edu
DePaul University ,admissions@depaul.edu
DePauw University ,admissions@depauw.edu
DeVry Institute of Technology ,admissions@devrycols.edu
DeVry Institute of Technology-Dallas ,admissions@devry.edu
DeVry Institute of Technology-Phoenix ,admissions@devry-phx.edu
Dickinson College ,admissions@dickinson.edu
Dickinson State University ,admissions@dsu.nodak.edu
Dillard University ,admissions@dillard.edu
Dominican College ,admissions@dominican.edu
Dordt College ,admissions@Dordt.edu
Dowling College ,admissions@dowling.edu
Drake University ,admissions@drake.edu
Drew University ,admissions@drew.edu
Drexel University ,admissions@drexel.edu
Drury College ,admissions@drury.edu
Duke University ,admissions@duke.edu
Duquesne University ,admissions@duq.edu
Earlham College ,admissions@earlham.edu
East Carolina University ,admissions@ecu.edu
East Central University ,admissions@ecok.edu
East Stroudsburg State University of Pennsylvania ,admissions@esu.edu
East Tennessee State University ,admissions@etsu-tn.edu
East Texas State University ,admissions@etsu.edu
Eastern Connecticut State University ,admissions@ecsu.ctstateu.edu
Eastern Illinois University ,admissions@eiu.edu
Eastern Kentucky University ,admissions@eku.edu
Eastern Mennonite University ,admissions@emu.edu
Eastern Michigan University ,admissions@emich.edu
Eastern New Mexico University ,admissions@enmu.edu
Eastern Oregon State College ,admissions@eosc.osshe.edu
Eastern Washington University ,admissions@ewu.edu
Edgewood College ,admissions@edgewood.edu
Edinboro University of Pennsylvania ,admissions@edinboro.edu
Elizabeth City State University ,admissions@ecsu.edu
Elizabethtown College ,admissions@etown.edu
Elmhurst College ,admissions@elmhurst.edu
Embry-Riddle Aeronautical University Arizona ,admissions@erau.edu
Embry-Riddle Aeronautical University Florida ,admissions@erau.edu
Emerson College ,admissions@emerson.edu
Emmanuel College ,admissions@emmanuel.edu
Emporia State University ,admissions@emporia.edu
Emory University ,admissions@emory.edu
Evergreen State College ,admissions@evergreen.edu
Fairleigh Dickinson University ,admissions@fdu.edu
Fairmont State College ,admissions@fairmont.wvnet.edu
Fayetteville State University ,admissions@fsufay.edu
Ferris State University ,admissions@ferris.edu
Fielding Institute ,admissions@fielding.edu
Fisk University ,admissions@fisk.edu
Fitchburg State College ,admissions@fsc.edu
Florida Agricultural and Mechanical University ,admissions@famu.edu
Florida Atlantic University ,admissions@fau.edu
Florida Gulf Coast University ,admissions@fgcu.edu
Florida Institute of Technology ,admissions@fit.edu
Florida International University ,admissions@fiu.edu
Florida State University ,admissions@fsu.edu
Fontbonne College ,admissions@fontbonne.edu
Fordham University ,admissions@fordham.edu
Fort Hays State University ,admissions@fhsu.edu
Fort Lewis College ,admissions@fortlewis.edu
Franklin and Marshall College ,admissions@fandm.edu
Franklin Pierce Law Center ,admissions@fplc.edu
Franklin University ,admissions@franklin.edu
Fresno Pacific University ,admissions@fresno.edu
Friends University ,admissions@friends.edu
Frostburg State University ,admissions@fsu.umd.edu
Fuller Theological Seminary ,admissions@fuller.edu
Furman University ,admissions@furman.edu
Gallaudet University ,admissions@gallaudet.edu
Gannon University ,admissions@gannon.edu
Geneva College ,admissions@geneva.edu
George Fox College ,admissions@gfc.edu
George Mason University ,admissions@gmu.edu
George Washington University ,admissions@gwu.edu
Georgetown University ,admissions@georgetown.edu
Georgia College ,admissions@gac.peachnet.edu
Georgia Institute of Technology ,admissions@gatech.edu
Georgia Southern University ,admissions@gasou.edu
Georgia Southwestern College ,admissions@gsw.peachnet.edu
Georgia State University ,admissions@gsu.edu
Georgian Court College ,admissions@georgian.edu
Gettysburg College ,admissions@gettysburg.edu
GMI Engineering and Management Institute ,admissions@gmi.edu
Golden Gate University ,admissions@ggu.edu
Goldey-Beacom College ,admissions@gbc.edu
Gonzaga University ,admissions@gonzaga.edu
Goshen College ,admissions@goshen.edu
Goucher College ,admissions@goucher.edu
Governors State University ,admissions@bgu.edu
Grace College ,admissions@grace.edu
Graceland College ,admissions@graceland.edu
Grand Valley State University ,admissions@gvsu.edu
Greenleaf University ,admissions@greenleaf.edu
Grinnell College ,admissions@grin.edu
Guilford College ,admissions@guilford.edu
Gustavus Adolphus College ,admissions@gac.edu
Hamilton College ,admissions@hamilton.edu
Hamline University ,admissions@hamline.edu
Hampden-Sydney College ,admissions@hsc.edu
Hampshire College ,admissions@hampshire.edu
Hampton University ,admissions@hamptonu.edu
Hanover College ,admissions@hanover.edu
Harding University ,admissions@harding.edu
Hartwick College ,admissions@hartwick.edu
Harvard University ,admissions@harvard.edu
Harvey Mudd College ,admissions@hmc.edu
Haskell Indian Nations University ,admissions@haskell.edu
Hastings College ,admissions@hastings.edu
Haverford College in Pennsylvania ,admissions@haverford.edu
Hawaii Pacific University ,admissions@hpu.edu
Heidelberg College ,admissions@heidelberg.edu
Hendrix College ,admissions@hendrix.edu
Hesston College ,admissions@hesston.edu
High Point University ,admissions@highpoint.edu
Hillsdale College ,admissions@hillsdale.edu
Hiram College ,admissions@hiram.edu
Hobart and William Smith Colleges ,admissions@hws.edu
Hofstra University ,admissions@hofstra.edu
Hollins College ,admissions@hollins.edu
Holy Cross College ,admissions@holycross.edu
Hood College ,admissions@hood.edu
Hope College ,admissions@hope.edu
Howard University ,admissions@howard.edu
Humboldt State University ,admissions@humboldt.edu
Hunter College ,admissions@hunter.cuny.edu
Huntingdon College ,admissions@huntingdon.edu
Huntington College ,admissions@huntcol.edu
ICI University ,admissions@ici.edu
Idaho State University ,admissions@isu.edu
Illinois Benedictine College ,admissions@ibc.edu
Illinois Institute of Technology ,admissions@iit.edu
Illinois State University ,admissions@ilstu.edu
Incarnate Word College ,admissions@iwctx.edu
Indiana Institute of Technology ,admissions@indtech.edu
Indiana State University ,admissions@indstate.edu
Indiana University System ,admissions@indiana.edu
Indiana University/Purdue University at Columbus ,admissions@columbus.iupui.edu
Indiana University/Purdue University at Fort Wayne ,admissions@ipfw.indiana.edu
Indiana University/Purdue University at Indianapolis ,admissions@iupui.edu
Indiana University at Bloomington ,admissions@indiana.edu
Indiana University at South Bend ,admissions@iusb.indiana.edu
Indiana University of Pennsylvania ,admissions@iup.edu
Indiana University Southeast at New Albany ,admissions@ius.indiana.edu
Indiana Wesleyan University Marion ,admissions@indwes.edu
Inter American University of Puerto Rico Metropolitan Campus ,admissions@metro.inter.edu
Iona College ,admissions@iona.edu
Iowa State University ,admissions@iastate.edu
Ithaca College ,admissions@ithaca.edu
Jackson State University ,admissions@jsums.edu
Jacksonville University ,admissions@ju.edu
Jacksonville State University ,admissions@jsu.edu
James Madison University ,admissions@jmu.edu
Jamestown College ,admissions@jc.edu
The Jewish Theological Seminary ,admissions@jtsa.edu
John Brown University ,admissions@jbu.edu
John F. Kennedy University ,admissions@jfku.edu
Johns Hopkins University ,admissions@jhu.edu
Johnson Bible College ,admissions@jbc.edu
Johnson C. Smith University ,admissions@jcsu.edu
Johnson & Wales University ,admissions@jwu.edu
Jones College ,admissions@jones.edu
Judson College ,admissions@judson.edu
Juniata College ,admissions@juniata.edu
Kalamazoo College ,admissions@kzoo.edu
Kansas State University ,admissions@ksu.edu
Kansas Wesleyan University ,admissions@kwu.edu
Kean College ,admissions@kean.edu
Keene State College ,admissions@keene.edu
Kent State University ,admissions@kent.edu
Kenyon College ,admissions@kenyon.edu
King's College ,admissions@kings.edu
Knox College ,admissions@knox.edu
Kutztown University of Pennsylvania ,admissions@kutztown.edu
La Sierra University ,admissions@lasierra.edu
LaGrange College ,admissions@lgc.peachnet.edu
Lafayette College ,admissions@lafayette.edu
Lake Forest College ,admissions@lfc.edu
Lake Superior State University ,admissions@lssu.edu
Lamar University ,admissions@lamar.edu
Langston University ,admissions@lunet.edu
LaSalle University ,admissions@lasalle.edu
Lawrence University ,admissions@lawrence.edu
Lawrence Technological University ,admissions@ltu.edu
Lebanon Valley College ,admissions@lvc.edu
Lehigh Univervsity ,admissions@lehigh.edu
Le Moyne College ,admissions@lemoyne.edu
Lenoir-Rhyne College ,admissions@lrc.edu
LeTourneau University ,admissions@letu.edu
Lewis & Clark College ,admissions@lclark.edu
Lewis-Clark State College ,admissions@lcsc.edu
Lewis University ,admissions@lewisu.edu
Liberty University ,admissions@liberty.edu
Lincoln University ,admissions@lincoln.edu
Linfield College ,admissions@linfield.edu
Lock Haven University of Pennsylvania ,admissions@lhup.edu
Loma Linda University ,admissions@llu.edu
Long Island University ,admissions@liunet.edu
Longwood College ,admissions@lwc.edu
Loras College ,admissions@loras.edu
Louisiana College ,admissions@lacollege.edu
Louisiana State University ,admissions@lsu.edu
Louisiana State University at Alexandria ,admissions@lsua.edu
Louisiana Tech University ,admissions@latech.edu
Loyola College ,admissions@loyola.edu
Loyola Marymount University ,admissions@lmu.edu
Loyola University Chicago ,admissions@luc.edu
Luther College ,admissions@luther.edu
Luther Seminary ,admissions@luthersem.edu
Lycoming College ,admissions@lycoming.edu
Lynchburg College ,admissions@lynchburg.edu
Lyndon State College ,admissions@lsc.vsc.edu
Lyon College ,admissions@lyon.edu
Macalester College ,admissions@macalstr.edu
Maharishi University of Management ,admissions@mum.edu
Malone College ,admissions@malone.edu
Manhattan College ,admissions@mancol.edu
Mankato State University ,admissions@mankato.msus.edu
Mansfield University of Pennsylvania ,admissions@mnsfld.edu
Marietta College ,admissions@marietta.edu
Marist College ,admissions@marist.edu
Marlboro College ,admissions@marlboro.edu
Marquette University ,admissions@mu.edu
Marshall University ,admissions@marshall.edu
Mary Baldwin College ,admissions@mbc.edu
Marymount College ,admissions@marymt.edu
Marymount University ,admissions@marymount.edu
Mary Washington College ,admissions@mwc.edu
Massachusetts Institute of Technology ,admissions@mit.edu
McMurry University ,admissions@mcm.acu.edu
McNeese State University ,admissions@mcneese.edu
Medical College of Georgia ,admissions@mcg.edu
Medical College of Wisconsin ,admissions@mcw.edu
Mercer University ,admissions@mercer.peachnet.edu
Mercyhurst College ,admissions@mercy.edu
Meredith College ,admissions@meredith.edu
Messiah College ,admissions@messiah.edu
Metropolitan State College of Denver ,admissions@mscd.edu
Metropolitan State University ,admissions@metro.msus.edu
Miami Christian University ,admissions@mcu.edu 
Miami University of Ohio ,admissions@muohio.edu
Michigan State University ,admissions@msu.edu
Michigan Technological University ,admissions@mtu.edu
Mid-America Nazarene College ,admissions@manc.edu
Middlebury College ,admissions@middlebury.edu
Middle Georgia College ,admissions@mgc.peachnet.edu
Middle Tennessee State University ,admissions@mtsu.edu
Midwestern State University ,admissions@mwsu.edu
Millersville University of Pennsylvania ,admissions@millersv.edu
Milligan College ,admissions@milligan-college.tn.us
Millikin University ,admissions@millikin.edu
Millsaps College ,admissions@millsaps.edu
Milwaukee School of Engineering ,admissions@msoe.edu
Minot State University ,admissions@misu.nodak.edu
Minneapolis College of Art and Design ,admissions@mcad.edu
Mississippi College ,admissions@mc.edu
Mississippi State University ,admissions@msstate.edu
Mississippi University for Women ,admissions@muw.edu
Missouri Southern State College ,admissions@mssc.edu
Missouri Western State College ,admissions@mwsc.edu
Molloy College ,admissions@molloy.edu
Monmouth College ,admissions@monm.edu
Monmouth University ,admissions@monmouth.edu
Montana State University-Billings ,admissions@msubillings.edu
Montana State University-Bozeman ,admissions@montana.edu
Montana State University-Northern ,admissions@nmclites.edu
Montana Tech ,admissions@mtech.edu
Montclair State University ,admissions@montclair.edu
Montreat College ,admissions@montreat.edu
Moravian College ,admissions@moravian.edu
Moorhead State University ,admissions@moorhead.msus.edu
Morgan State University ,admissions@morgan.edu
Mount Senario College ,admissions@mscfs.edu
Mount Holyoke College ,admissions@mtholyoke.edu
Mount Saint Joseph College ,admissions@msjnet.edu
Mount Saint Mary College ,admissions@msmc.edu
Mount Union College ,admissions@muc.edu
Murray State University ,admissions@mursuky.edu
Muskingum College ,admissions@muskingum.edu
National Defense University ,admissions@ndu.edu
National-Louis University ,admissions@nl.edu
National Technological University ,admissions@ntu.edu
National University ,admissions@nu.edu
Naval Postgraduate School ,admissions@nps.navy.mil
Nazareth College ,admissions@naz.edu
Newberry College ,admissions@newberry.edu
New College of California ,admissions@newcollege.edu
New Hampshire College ,admissions@nhc.edu
New Jersey Institute of Technology ,admissions@njit.edu
New Mexico Highlands University ,admissions@nmhu.edu
New Mexico Institute of Mining & Technology ,admissions@nmt.edu
New Mexico State University ,admissions@nmsu.edu
New York Institute of Technology ,admissions@nyit.edu
New York University ,admissions@nyu.edu
Niagara University ,admissions@niagara.edu
Nicholls State University ,admissions@nich.edu
Norfolk State University ,admissions@nsu.edu
North Adams State College ,admissions@nasc.mass.edu
North Carolina Central University ,admissions@NCCU.edu
North Carolina A&T State University ,admissions@ncat.edu
North Carolina State University ,admissions@ncsu.edu
North Carolina Wesleyan College ,admissions@ncwc.edu
North Central Bible College ,admissions@ncbc.edu
North Dakota State University ,admissions@ndsu.nodak.edu
Northland College ,admissions@northland.edu
North Park College and Theological Seminary ,admissions@npcts.edu
Northeastern Louisiana University ,admissions@nlu.edu
Northeastern State University ,admissions@nsuok.edu
Northeastern University ,admissions@northeastern.edu
Northern Arizona University ,admissions@nau.edu
Northern Illinois University ,admissions@niu.edu
Northern Kentucky University ,admissions@nku.edu
Northern Michigan University ,admissions@nmu.edu
Northern State University ,admissions@northern.edu
Northwest Missouri State University ,admissions@nwmissouri.edu
Northwest Nazarene College ,admissions@nnc.edu
Northwestern College of Iowa ,admissions@nwciowa.edu
Northwestern State University ,admissions@nsula.edu
Northwestern University ,admissions@nwu.edu
Norwich University ,admissions@norwich.edu
Nova Southeastern University ,admissions@nova.edu
Oakland University ,admissions@oakland.edu 
Oberlin College ,admissions@oberlin.edu
Occidental College ,admissions@oxy.edu
Ohio Dominican College ,admissions@odc.edu
Ohio Northern University ,admissions@onu.edu
Ohio State University Columbus ,admissions@ohio-state.edu
Ohio State University Marion ,admissions@marion.ohio-state.edu
Ohio Wesleyan University ,admissions@owu.edu
Ohio University Athens ,admissions@ohiou.edu
Oklahoma Baptist University ,admissions@okbu.edu
Oklahoma City University ,admissions@okcu.edu 
Oklahoma State University ,admissions@okstate.edu
Old Dominion University ,admissions@odu.edu
Olivet Nazarene University ,admissions@olivet.edu
Oral Roberts University ,admissions@oru.edu
Oregon Graduate Institute of Science and Technology ,admissions@ogi.edu
Oregon Health Sciences University ,admissions@ohsu.edu
Oregon Institute of Technology ,admissions@oit.osshe.edu
Oregon State University ,admissions@orst.edu
Otterbein College ,admissions@otterbein.edu
Our Lady of the Lake University ,admissions@ollusa.edu
Pace University ,admissions@pace.edu
Pacific Lutheran University ,admissions@plu.edu
Pacific Union College ,admissions@puc.edu
Pacific University ,admissions@pacificu.edu
Pacific Western University ,admissions@pwu.com
Palm Beach Atlantic College ,admissions@pbac.edu
Peace College ,admissions@Peace.edu
Pembroke State University ,admissions@pembroke.edu
Pennsylvania State System of Higher Education ,admissions@sshechan.edu
Pennsylvania State University ,admissions@psu.edu
Pennsylvania State University-Schuylkill Campus ,admissions@sl.psu.edu
Pensacola Christian College ,admissions@pcci.edu
Pepperdine University ,admissions@pepperdine.edu
Peru State College ,admissions@peru.edu
Philadelphia College of Textiles and Science ,admissions@philacol.edu
Phillips University ,admissions@phillips.edu
Pittsburg State University ,admissions@pittstate.edu
Pitzer College ,admissions@pitzer.edu
Platt College ,admissions@platt.edu
Plymouth State College ,admissions@plymouth.edu
Polytechnic University of New York ,admissions@poly.edu
Polytechnic University of Puerto Rico ,admissions@pupr.edu
Pomona College ,admissions@pomona.edu
Portland State University ,admissions@pdx.edu
Prairie View A&M University ,admissions@pvamu.edu
Pratt Institute ,admissions@pratt.edu
Prescott College ,admissions@asu.edu
Princeton University ,admissions@princeton.edu
Presbyterian College ,admissions@presby.edu
Providence College ,admissions@providence.edu
Purdue University ,admissions@purdue.edu
Purdue University Calumet ,admissions@purdue.edu
Purdue University North Central ,admissions@purduenc.edu
Quincy University ,admissions@quincy.edu
Quinnipiac College ,admissions@quinnipiac.edu
Radford University ,admissions@runet.edu
Ramapo College ,admissions@ramapo.edu
Randolph-Macon College ,admissions@rmc.edu
Randolph-Macon Woman's College ,admissions@rmwc.edu
Reed College ,admissions@reed.edu
Regent University ,admissions@regent.edu
Regis University ,admissions@regis.edu
Rensselaer Polytechnic Institute ,admissions@rpi.edu
Rhode Island College ,admissions@ric.edu
Rhodes College ,admissions@rhodes.edu
Rice University ,admissions@rice.edu
Richard Stockton College of New Jersey ,admissions@stockton.edu
Rider University ,admissions@rider.edu
Ripon College ,admissions@Ripon.EDU
Rivier College ,admissions@riv.edu
Roanoke College ,admissions@roanoke.edu
Rochester Institute of Technology ,admissions@rit.edu
The Rockefeller University ,admissions@rockefeller.edu
Rockford College ,admissions@rockford.edu
Rockhurst College ,admissions@rockhurst.edu
Rocky Mountain College ,admissions@rocky.edu
Roger Williams University ,admissions@rwu.edu
Rollins College ,admissions@rollins.edu
Rosary College ,admissions@rosary.edu
Rose-Hulman Institute of Technology ,admissions@rose-hulman.edu
Rowan College ,admissions@rowan.edu
Rutgers University ,admissions@rutgers.edu
Rutgers University Camden ,admissions@rutgers.edu
Rutgers University Newark ,admissions@rutgers.edu
The Sage Colleges ,admissions@sage.edu
Sacred Heart University ,admissions@sacredheart.edu
Sacred Heart University ,admissions@usc.clu.edu
Saginaw Valley State University ,admissions@svsu.edu
St. Ambrose University ,admissions@sau.edu
St. Andrews Presbyterian College ,admissions@sapc.edu
Saint Anselm College ,admissions@anselm.edu
St. Bonaventure University ,admissions@sbu.edu
Saint Cloud State University ,admissions@stcloud.msus.edu
Saint Edward's University ,admissions@stedwards.edu
Saint Francis College ,admissions@sfcpa.edu
St. John's College-Annapolis ,admissions@sjca.edu
St. John's College-Santa Fe ,admissions@sjcsf.edu
Saint John's University ,admissions@csbsju.edu
Saint John's University ,admissions@stjohns.edu
St. Joseph College ,admissions@sjc.edu
Saint Joseph's College ,admissions@saintjoe.edu
St. Joseph's College ,admissions@sjcme.edu
Saint Joseph's University ,admissions@sju.edu
St. Lawrence University ,admissions@stlawu.edu
St. Louis College of Pharmacy ,admissions@stlcop.edu
Saint Louis University ,admissions@slu.edu
St. Martin's College ,admissions@stmartin.edu
Saint Mary College ,admissions@smcks.edu
Saint Mary's College ,admissions@saintmarys.edu
Saint Mary's College of California ,admissions@stmarys-ca.edu
Saint Mary's University of Minnesota ,admissions@smumn.edu
Saint Michael's College ,admissions@smcvt.edu
Saint Olaf College ,admissions@stolaf.edu
St. Thomas University ,admissions@stu.edu
Saint Vincent College ,admissions@stvincent.edu
Saint Xavier University ,admissions@sxu.edu
Salisbury State University ,admissions@ssu.umd.edu
Salish Kootenai College ,admissions@skc.edu
Sam Houston State University ,admissions@shsu.edu
Samford University ,admissions@samford.edu
San Diego State University ,admissions@sdsu.edu
San Francisco State University ,admissions@sfsu.edu
San Jose State University ,admissions@sjsu.edu
Santa Clara University ,admissions@scu.edu
Sarah Lawrence College ,admissions@slc.edu
School of the Art Institute of Chicago ,admissions@artic.edu
Seattle Pacific University ,admissions@spu.edu
Seattle University ,admissions@seattleu.edu
Seton Hall University ,admissions@shu.edu
Sewanee University of the South ,admissions@sewanee.edu
Shawnee State University ,admissions@shawnee.edu
Shenandoah University ,admissions@su.edu
Shippensburg University of Pennsylvania ,admissions@ship.edu
Shorter College ,admissions@shorter.edu
Simmons College ,admissions@simmons.edu
Simon's Rock College ,admissions@simons-rock.edu
Simpson College ,admissions@simpson.edu
Skidmore College ,admissions@skidmore.edu
Slippery Rock University of Pennsylvania ,admissions@sru.edu
Smith College ,admissions@smith.edu
Sonoma State University ,admissions@sonoma.edu
South Dakota School of Mines and Technology ,admissions@sdsmt.edu
South Dakota State University ,admissions@sdstate.edu
Southeast Missouri State University ,admissions@semo.edu
Southeastern Louisiana University ,admissions@selu.edu
Southern College ,admissions@southern.edu
Southern College of Technology ,admissions@sct.edu
Southern Connecticut State University ,admissions@scwww.ctstateu.edu
Southern Illinois University ,admissions@siu.edu
Southern Illinois University-Carbondale ,admissions@siu.edu
Southern Illinois University-Edwardsville ,admissions@siue.edu
Southern Methodist University ,admissions@smu.edu
Southern Nazarene University ,admissions@snu.edu
Southern Oregon State College ,admissions@sosc.osshe.edu
Southern University ,admissions@subr.edu
Southern Utah University ,admissions@suu.edu
Southampton College ,admissions@liunet.edu
South Texas College of Law ,admissions@stcl.edu
Southwest Baptist University ,admissions@sbuniv.edu
Southwest Missouri State University ,admissions@smsu.edu
Southwest State University ,admissions@southwest.msus.edu
Southwest Texas State University ,admissions@swt.edu
Southwestern Adventist College ,admissions@swac.edu
Southwestern University ,admissions@southwestern.edu
Spelman College ,admissions@auc.edu
Spring Arbor College ,admissions@arbor.edu
Spring Hill College ,admissions@shc.edu
Stanford University ,admissions@stanford.edu
State University of New York System ,admissions@sunycentral.edu
State University of New York at Albany ,admissions@albany.edu
State University of New York College of Technology at Alfred ,admissions@alfredtech.edu
State University of New York at Binghamton ,admissions@binghamton.edu
State University of New York College at Brockport ,admissions@brockport.edu
State University of New York at Buffalo ,admissions@buffalo.edu
State University of New York College at Buffalo ,admissions@snybuf.edu
State University of New York College of Agriculture and Technology at Cobleskill ,admissions@cobleskill.edu
State University of New York College at Cortland ,admissions@cortland.edu
State University of New York College of Environmental Science and Forestry ,admissions@esf.edu
State University of New York at Farmingdale ,admissions@farmingdale.edu
State University of New York at Fredonia ,admissions@fredonia.edu
State University of New York College at Geneseo ,admissions@geneseo.edu
State University of New York College at New Paltz ,admissions@newpaltz.edu
State University of New York at Oswego ,admissions@oswego.edu
State University of New York at Plattsburgh ,admissions@plattsburgh.edu
State University of New York College at Potsdam ,admissions@potsdam.edu
State University of New York at Stony Brook ,admissions@sunysb.edu
State University of New York Institute of Technology at Utica/Rome ,admissions@sunyit.edu
Stephen F. Austin State University ,admissions@sfasu.edu
Stephens College ,admissions@stephens.edu
Stetson University ,admissions@stetson.edu
Stevens Institute of Technology ,admissions@stevens-tech.edu
Strayer College ,admissions@strayer.edu
Suffolk University ,admissions@suffolk.edu
Sul Ross State University ,admissions@sulross.edu
Summit University of Louisiana ,admissions@summitunivofla.edu
Susquehanna University ,admissions@susqu.edu
Swarthmore College ,admissions@swarthmore.edu
Sweet Briar College ,admissions@sbc.edu
Syracuse University ,admissions@syr.edu
Tabor College ,admissions@tabor.edu
Tarleton State University ,admissions@tarleton.edu
Taylor University ,admissions@tayloru.edu
Teachers College Columbia University ,admissions@tc.columbia.edu
Teikyo Marycrest University ,admissions@mcrest.edu
Temple University ,admissions@temple.edu
Tennessee State University ,admissions@tnstate.edu
Tennessee Technological University ,admissions@tntech.edu
Texas A&M International University ,admissions@tamiu.edu
Texas A&M University-College Station ,admissions@tamu.edu
Texas A&M University-Corpus Christi ,admissions@tamucc.edu
Texas A&M University-Kingsville ,admissions@taiu.edu
Texas Christian University ,admissions@tcu.edu
Texas Southern University ,admissions@tsu.edu
Texas Tech University ,admissions@ttu.edu
Texas Tech University-Health Sciences Center ,admissions@ttuhsc.edu
Texas Woman's University ,admissions@twu.edu
Thomas College ,admissions@thomas.edu
Thomas Edison State College ,admissions@tesc.edu
Thomas Jefferson University ,admissions@tju.edu
Thomas More College ,admissions@thomasmore.edu
Towson State University ,admissions@towson.edu
Transylvania University ,admissions@transy.edu
Trenton State College ,admissions@trenton.edu
Trinity College ,admissions@trincoll.edu
Trinity College Trinity University ,admissions@trinity.edu
Troy State University ,admissions@tsufl.edu
Truman State University ,admissions@truman.edu
Tucson University ,admissions@tucsonu.edu
Tufts University ,admissions@tufts.edu
Tulane University ,admissions@tulane.edu
Tuskegee University ,admissions@tusk.edu
Union College ,admissions@union.edu
The Union Institute ,admissions@tui.edu
Union University ,admissions@uu.edu
United States Air Force Academy ,admissions@usafa.af.mil
United States International University ,admissions@usiu.edu
United States Merchant Marine Academy ,admissions@usmma.edu
United States Military Academy ,admissions@usma.edu
United States Naval Academy ,admissions@nadn.navy.mil
The Uniformed Services University of the Health Sciences ,admissions@usuhs.mil
Ursinus College ,admissions@ursinus.edu
University of Akron ,admissions@uakron.edu
University of Alabama at Birmingham ,admissions@uab.edu
University of Alabama at Huntsville ,admissions@uah.edu
University of Alabama at Tuscaloosa ,admissions@ua.edu
University of Alaska ,admissions@alaska.edu
University of Alaska-Anchorage ,admissions@uaa.alaska.edu
University of Alaska-Fairbanks ,admissions@alaska.edu
University of Alaska-Southeast ,admissions@alaska.edu
University of Arizona ,admissions@arizona.edu
University of Arkansas - Fayetteville ,admissions@uark.edu
University of Arkansas - Little Rock ,admissions@ualr.edu
University of Arkansas for Medical Sciences ,admissions@uams.edu
University of Arkansas - Monticello ,admissions@uamont.edu
University of Baltimore ,admissions@ubalt.edu
University of Bridgeport ,admissions@bridgeport.edu
University of California Berkeley ,admissions@berkeley.edu
University of California Davis ,admissions@ucdavis.edu
University of California Irvine ,admissions@uci.edu
University of California Los Angeles ,admissions@ucla.edu
University of California Riverside ,admissions@ucr.edu
University of California San Diego ,admissions@ucsd.edu
University of California San Francisco ,admissions@ucsf.edu
University of California Santa Barbara ,admissions@ucsb.edu
University of California Santa Cruz ,admissions@ucsc.edu
University of Central Arkansas ,admissions@uca.edu
University of Central Florida ,admissions@ucf.edu
University of Charleston ,admissions@uchaswv.edu
University of Chicago ,admissions@uchicago.edu
University of Cincinnati ,admissions@uc.edu
University of Colorado at Boulder ,admissions@colorado.edu
University of Colorado at Colorado Springs ,admissions@uccs.edu
University of Colorado at Denver ,admissions@cudenver.edu
University of Colorado Health Sciences Center ,admissions@hsc.colorado.edu
University of Connecticut ,admissions@uconn.edu
University of Dallas ,admissions@udallas.edu
University of Dayton ,admissions@udayton.edu
University of Delaware ,admissions@udel.edu
University of Denver ,admissions@du.edu
University of the District of Columbia ,admissions@udc.edu
University of Detroit Mercy ,admissions@udmercy.edu
University of Dubuque ,admissions@dbq.edu
University of Evansville ,admissions@evansville.edu
University of Florida ,admissions@ufl.edu
University of Georgia ,admissions@uga.edu
University of Great Falls ,admissions@ugf.edu
University of Guam ,admissions@uog.edu
University of Hartford ,admissions@hartford.edu
University of Hawaii at Hilo Physics and Astronomy ,admissions@uhh.hawaii.edu
University of Hawaii at Manoa ,admissions@hawaii.edu
University of Houston ,admissions@uh.edu
University of Idaho ,admissions@uidaho.edu
University of Illinois at Chicago ,admissions@uic.edu
University of Illinois at Springfield ,admissions@sangamon.edu
University of Ilinois at Urbana-Champaign ,admissions@uiuc.edu
University of Indianapolis ,admissions@uindy.edu
University of Iowa ,admissions@uiowa.edu
University of Kansas ,admissions@ukans.edu
University of Kansas School of Medicine ,admissions@kumc.edu
University of Kentucky ,admissions@uky.edu
University of La Verne ,admissions@ulaverne.edu
University of Louisville ,admissions@louisville.edu
University of Maine System ,admissions@maine.edu
University of Maine ,admissions@ume.maine.edu
University of Maine at Farmington ,admissions@umf.maine.edu
University of Maine at Fort Kent ,admissions@umfk.maine.edu
University of Maine at Machias ,admissions@umm.maine.edu
University of Maine at Presque Island ,admissions@umpi.maine.edu
University of Maryland at Baltimore ,admissions@ab.umd.edu
University of Maryland at Baltimore County ,admissions@umbc.edu
University of Maryland at College Park ,admissions@umcp.umd.edu
University of Maryland - University College ,admissions@umuc.edu
University of Massachusetts System ,admissions@umassp.edu
University of Massachusetts at Amherst ,admissions@umass.edu
University of Massachusetts at Dartmouth ,admissions@umassd.edu
University of Massachusetts at Lowell ,admissions@uml.edu
University of Memphis ,admissions@memphis.edu
University of Miami ,admissions@miami.edu
University of Michigan-Ann Arbor ,admissions@umich.edu
University of Michigan-Dearborn ,admissions@umd.umich.edu
University of Minnesota ,admissions@umn.edu
University of Minnesota-Crookston ,admissions@crk.umn.edu
University of Minnesota-Duluth ,admissions@d.umn.edu
University of Minnesota-Morris ,admissions@mrs.umn.edu
University of Minnesota-Twin Cities ,admissions@umn.edu
University of Mississippi ,admissions@olemiss.edu
University of Mississippi Medical Center ,admissions@umsmed.edu
University of Missouri System ,admissions@missouri.edu
University of Missouri-Columbia ,admissions@missouri.edu
University of Missouri-Kansas City ,admissions@umkc.edu
University of Missouri-Rolla ,admissions@umr.edu
University of Missouri-Saint Louis ,admissions@umsl.edu
University of Montana ,admissions@umt.edu
University of Nebraska Kearney ,admissions@unk.edu
University of Nebraska Lincoln ,admissions@unl.edu
University of Nebraska Omaha ,admissions@unomaha.edu
University of Nevada Las Vegas ,admissions@unlv.edu
University of Nevada Reno ,admissions@unr.edu
University of New England ,admissions@une.edu
University of New Hampshire Durham ,admissions@unh.edu
University of New Haven ,admissions@newhaven.edu
University of New Mexico ,admissions@unm.edu
University of New Orleans ,admissions@uno.edu
University of North Carolina at Asheville ,admissions@unca.edu
University of North Carolina at Chapel Hill ,admissions@unc.edu
University of North Carolina at Charlotte ,admissions@uncc.edu
University of North Carolina at Greensboro ,admissions@uncg.edu
University of North Carolina System ,admissions@unc.edu
University of North Carolina at Wilmington ,admissions@uncwil.edu
University of North Dakota ,admissions@und.nodak.edu
University of North Florida ,admissions@unf.edu
University of North Texas ,admissions@unt.edu
University of North Texas Health Science Center ,admissions@hsc.unt.edu
University of Northern Colorado ,admissions@univnorthco.edu
University of Northern Iowa ,admissions@uni.edu
University of Notre Dame ,admissions@nd.edu
University of Oklahoma ,admissions@uoknor.edu
University of Oregon ,admissions@uoregon.edu
University of the Ozarks ,admissions@ozarks.edu
University of the Pacific ,admissions@uop.edu
University of Pennsylvania ,admissions@upenn.edu
University of Phoenix ,admissions@uophx.edu
University of Pittsburgh ,admissions@pitt.edu
University of Pittsburgh at Johnstown ,admissions@pitt.edu
University of Portland ,admissions@uofport.edu
University of Puerto Rico ,admissions@upr.clu.edu
University of Puget Sound ,admissions@ups.edu
University of Redlands ,admissions@uor.edu
University of Rhode Island ,admissions@uri.edu
University of Richmond ,admissions@urich.edu
University of Rochester ,admissions@rochester.edu
University of San Diego ,admissions@acusd.edu
University of San Francisco ,admissions@usfca.edu
University of Sarasota ,admissions@sarasota.fl.us
University of Science & Arts of Oklahoma ,admissions@usao.edu
University of Scranton ,admissions@uofs.edu
University of Sioux Falls ,admissions@thecoo.edu
University of Southern California ,admissions@usc.edu
University of South Carolina ,admissions@scarolina.edu
University of South Carolina - Aiken ,admissions@sc.edu
University of South Dakota ,admissions@usd.edu
University of South Florida ,admissions@usf.edu
University of Southern Maine ,admissions@usm.maine.edu
University of Southern Mississippi ,admissions@usm.edu
University of Southwestern Louisiana ,admissions@usl.edu
University of Saint Thomas ,admissions@stthom.edu
University of Saint Thomas ,admissions@stthomas.edu
University of South Alabama ,admissions@usouthal.edu
University of Southern Colorado ,admissions@uscolo.edu
University of Southern Indiana ,admissions@usi.edu
University of Tampa ,admissions@utampa.edu
University of Tennessee Knoxville ,admissions@utk.edu
University of Tennessee Martin ,admissions@utm.edu
University of Texas System ,admissions@utsystem.edu
University of Texas at Arlington ,admissions@uta.edu
University of Texas at Austin ,admissions@utexas.edu
University of Texas at Brownsville ,admissions@utb.edu
University of Texas at Dallas ,admissions@utdallas.edu
University of Texas at El Paso ,admissions@utep.edu
University of Texas-Pan American ,admissions@panam.edu
University of Texas at San Antonio ,admissions@utsa.edu
University of Texas Health Science Center at Houston ,admissions@uth.tmc.edu
University of Texas Health Science Center at San Antonio ,admissions@uthscsa.edu
University of Texas Health Center at Tyler ,admissions@uthct.edu
University of Texas M.D. Anderson Cancer Center ,admissions@utmdacc.uth.tmc.edu
University of Texas Medical Branch ,admissions@utmb.edu
University of Texas Southwestern Medical Center at Dallas ,admissions@swmed.edu
University of Toledo ,admissions@utoledo.edu
University of Tulsa ,admissions@utulsa.edu
University of Utah ,admissions@utah.edu
University of Vermont ,admissions@uvm.edu
University of the Virgin Islands ,admissions@uvi.edu
University of Virginia Charlottesville ,admissions@virginia.edu
University of Washington ,admissions@washington.edu
University of West Alabama ,admissions@westal.edu
University of West Florida ,admissions@uwf.edu
University of Wisconsin System ,admissions@uwsa.edu
University of Wisconsin-Eau Claire ,admissions@uwec.edu
University of Wisconsin-Green Bay ,admissions@uwgb.edu
University of Wisconsin-LaCrosse ,admissions@uwlax.edu
University of Wisconsin-Madison ,admissions@wisc.edu
University of Wisconsin-Milwaukee ,admissions@uwm.edu
University of Wisconsin-Oshkosh ,admissions@uwosh.edu
University of Wisconsin-Parkside ,admissions@uwp.edu
University of Wisconsin-Platteville ,admissions@uwplatt.edu
University of Wisconsin-River Falls ,admissions@uwrf.edu
University of Wisconsin-Stevens Point ,admissions@uwsp.edu
University of Wisconsin-Stout ,admissions@uwstout.edu
University of Wisconsin-Superior ,admissions@uwsuper.edu
University of Wisconsin-Whitewater ,admissions@uww.edu
University of Wyoming ,admissions@uwyo.edu
Upper Iowa University ,admissions@uiu.edu
Utah State University ,admissions@usu.edu
Utah Valley State College ,admissions@uvsc.edu
Valley City State University ,admissions@vcsu.nodak.edu
Valdosta State University ,admissions@valdosta.peachnet.edu
Valparaiso University ,admissions@valpo.edu
Vanderbilt University ,admissions@vanderbilt.edu
Vassar College ,admissions@vassar.edu
Vermont Technical College ,admissions@vtc.vsc.edu
Villa Julie College ,admissions@vjc.edu
Villanova University ,admissions@vill.edu
Virginia Commonwealth University ,admissions@vcu.edu
Virginia Intermont College ,admissions@vic.edu
Virginia Military Institute ,admissions@vmi.edu
Virginia Polytechnic Institute and State University ,admissions@vt.edu
Virginia State University ,admissions@vsu.edu
Virginia Wesleyan College ,admissions@vwc.edu
Wabash College ,admissions@wabash.edu
Wake Forest University ,admissions@wfu.edu
Walden University ,admissions@waldenu.edu
Walla Walla College ,admissions@wwc.edu
Warren Wilson College ,admissions@warren-wilson.edu
Wartburg College ,admissions@wartburg.edu
Washburn University ,admissions@wuacc.edu
Washington Bible College/Capital Bible Seminary ,admissions@bible.edu
Washington & Lee University ,admissions@wlu.edu
Washington College ,admissions@washcoll.edu
Washington State University ,admissions@wsu.edu
Washington State University at Tri-Cities ,admissions@wsu.edu
Washington State University at Vancouver ,admissions@vancouver.wsu.edu
Washington University Saint Louis ,admissions@wustl.edu
Wayne State University ,admissions@wayne.edu
Waynesburg College ,admissions@waynesburg.edu 
Weber State University ,admissions@weber.edu
Webster University ,admissions@websteruniv.edu
Wellesley College ,admissions@wellesley.edu
Wells College ,admissions@wells.edu
Wentworth Institute of Technology ,admissions@wit.edu
Wesley College ,admissions@wesley.edu
Wesleyan University ,admissions@wesleyan.edu
West Chester University of Pennsylvania ,admissions@wcupa.edu
West Coast University ,admissions@wcula.edu
West Georgia College ,admissions@westga.edu
West Liberty State College ,admissions@wlsc.wvnet.edu
West Texas A&M University ,admissions@wtamu.edu
West Virginia University ,admissions@wvu.edu
West Virginia University at Parkersburg ,admissions@wvup.wvnet.edu
Western Carolina University ,admissions@wcu.edu
Western Connecticut State University ,admissions@wcsu.ctstateu.edu
Western Illinois University ,admissions@wiu.edu
Western Kentucky University ,admissions@wku.edu
Western Maryland College ,admissions@wmc.car.md.us
Western Michigan University ,admissions@wmich.edu
Western Montana College ,admissions@wmc.edu
Western New England College ,admissions@wnec.edu
Western New Mexico University ,admissions@wnmu.edu
Western State College ,admissions@wsc.colorado.edu
Western Washington University ,admissions@wwu.edu
Westfield State College ,admissions@wsc.mass.edu
Westminster College ,admissions@westminster.edu
Westminster College ,admissions@westminster-mo.edu
Westminster College of Salt Lake City ,admissions@wcslc.edu
Westminster Theological Seminary ,admissions@wts.edu
Westmont College ,admissions@westmont.edu
Wheaton College ,admissions@wheaton.edu
Wheaton College Norton MA ,admissions@wheatonma.edu
Wheeling Jesuit College ,admissions@wjc.edu
Whitman College ,admissions@whitman.edu
Whittier College ,admissions@whittier.edu
Whitworth College ,admissions@whitworth.edu
Wichita State University ,admissions@twsu.edu
Widener University ,admissions@widener.edu
Wilberforce University ,admissions@wilberforce.edu
Wilkes University ,admissions@wilkes.edu
Willamette University ,admissions@willamette.edu
William Howard Taft University ,admissions@taftu.edu
William Jewell College ,admissions@jewell.edu
William Mitchell College of Law ,admissions@wmitchell.edu
William Penn College ,admissions@wmpenn.edu
William Paterson College ,admissions@wilpaterson.edu
William Woods University ,admissions@wmwoods.edu
Williams College ,admissions@williams.edu
Wilmington College ,admissions@wilmington.edu
Winona State University ,admissions@winona.msus.edu
Winthrop University ,admissions@winthrop.edu
Wittenberg University ,admissions@wittenberg.edu
Wofford College ,admissions@wofford.edu
Woodbury University ,admissions@woodburyu.edu
Worcester Polytechnic Institute ,admissions@wpi.edu
Wright State University ,admissions@wright.edu
Xavier University of Louisiana ,admissions@xula.edu
Yale University ,admissions@yale.edu
Yeshiva University ,admissions@yu.edu
York College of Pennsylvania ,admissions@ycp.edu
Youngstown State University ,admissions@ysu.edu